Title,Description,Link,Media URL,Pinterest board,Publish date
Free 12 Addition Math Worksheet For Grade 3 | Printable Practice,Printable Addition worksheet designed for Grade 3 students. Easy and fun math practice.,https://mathworksheetdownload.github.io/html/free-12-addition-math-worksheet-for-grade-3-6603.html,https://mathworksheetdownload.github.io/images/free-12-addition-math-worksheet-for-grade-3-6603.jpg,Homeschool Math,03/17/2026 08:29:00 AM
"Count and Color Star, Triangle, Car Worksheet for Kids",Free printable Count and Color worksheet for Preschool. Perfect for homeschool practice and classroom activities.,https://mathworksheetdownload.github.io/html/count-and-color-star-triangle-car-worksheet-for-kids-3842.html,https://mathworksheetdownload.github.io/images/count-and-color-star-triangle-car-worksheet-for-kids-3842.jpg,Kids Math Worksheets,03/17/2026 11:00:00 AM
Pre-K Count The Objects Worksheet - Part 3 | Printable Practice,Fun and engaging Counting Objects worksheet for Pre-K. Perfect printable math practice.,https://mathworksheetdownload.github.io/html/pre-k-count-the-objects-worksheet-part-3-8497.html,https://mathworksheetdownload.github.io/images/pre-k-count-the-objects-worksheet-part-3-8497.jpg,Printable Worksheets,03/17/2026 01:30:00 PM
Grade 2 Division Practice Worksheet (27 Problems) - Part 4 | Printable Practice,Fun and engaging Division worksheet for Grade 2. Perfect printable math practice.,https://mathworksheetdownload.github.io/html/grade-2-division-practice-worksheet-27-problems-part-4-5010.html,https://mathworksheetdownload.github.io/images/grade-2-division-practice-worksheet-27-problems-part-4-5010.jpg,Homeschool Math,03/17/2026 04:26:00 PM
Challenging Math Quiz for Students (4 Questions),Teachers and parents love this Math worksheet for Math. Download and print instantly.,https://mathworksheetdownload.github.io/html/challenging-math-quiz-for-students-4-questions-3915.html,https://mathworksheetdownload.github.io/images/challenging-math-quiz-for-students-4-questions-3915.jpg,Elementary Math Activities,03/17/2026 08:22:00 PM
Missing Number Math Worksheet,Help kids master Missing Number with this printable worksheet for Grade 1. Great for daily math practice.,https://mathworksheetdownload.github.io/html/missing-number-math-worksheet-1078.html,https://mathworksheetdownload.github.io/images/missing-number-math-worksheet-1078.jpg,Elementary Math Activities,03/18/2026 08:35:00 AM
Mixed Operations Math Worksheet,Printable Mixed Operations worksheet designed for Grade 3 students. Easy and fun math practice.,https://mathworksheetdownload.github.io/html/mixed-operations-math-worksheet-7833.html,https://mathworksheetdownload.github.io/images/mixed-operations-math-worksheet-7833.jpg,Math Practice Printables,03/18/2026 11:00:00 AM
Free 17 Multiplication Math Worksheet For Grade 1 With Answers - Part 8 | Printable Practice,Help kids master Multiplication with this printable worksheet for Grade 1. Great for daily math practice.,https://mathworksheetdownload.github.io/html/free-17-multiplication-math-worksheet-for-grade-1-with-answers-part-8-6780.html,https://mathworksheetdownload.github.io/images/free-17-multiplication-math-worksheet-for-grade-1-with-answers-part-8-6780.jpg,Math Practice Printables,03/18/2026 01:37:00 PM
Grade 5 Subtraction Practice Worksheet (22 Problems) - Part 9 | Printable Practice,Fun and engaging Subtraction worksheet for Grade 5. Perfect printable math practice.,https://mathworksheetdownload.github.io/html/grade-5-subtraction-practice-worksheet-22-problems-part-9-6723.html,https://mathworksheetdownload.github.io/images/grade-5-subtraction-practice-worksheet-22-problems-part-9-6723.jpg,Printable Worksheets,03/18/2026 04:27:00 PM
7 Times Table Worksheet For Grade 3 - Part 10 | Printable Practice,Free printable Times Table worksheet for Grade 3. Perfect for homeschool practice and classroom activities.,https://mathworksheetdownload.github.io/html/7-times-table-worksheet-for-grade-3-part-10-5335.html,https://mathworksheetdownload.github.io/images/7-times-table-worksheet-for-grade-3-part-10-5335.jpg,Math Practice Printables,03/18/2026 08:34:00 PM
Printable Tracing Worksheet For Kids - Part 11 | Free Printable,Free printable Tracing worksheet for Kindergarten. Perfect for homeschool practice and classroom activities.,https://mathworksheetdownload.github.io/html/printable-tracing-worksheet-for-kids-part-11-3559.html,https://mathworksheetdownload.github.io/images/printable-tracing-worksheet-for-kids-part-11-3559.jpg,Printable Worksheets,03/19/2026 08:27:00 AM
Math Word Problem Worksheet,Printable Word Problem worksheet designed for Grade 3 students. Easy and fun math practice.,https://mathworksheetdownload.github.io/html/math-word-problem-worksheet-3052.html,https://mathworksheetdownload.github.io/images/math-word-problem-worksheet-3052.jpg,Kids Math Worksheets,03/19/2026 11:02:00 AM
Grade 5 Addition Practice Worksheet (30 Problems) - Part 13 | Printable Practice,Printable Addition worksheet designed for Grade 5 students. Easy and fun math practice.,https://mathworksheetdownload.github.io/html/grade-5-addition-practice-worksheet-30-problems-part-13-3335.html,https://mathworksheetdownload.github.io/images/grade-5-addition-practice-worksheet-30-problems-part-13-3335.jpg,Printable Worksheets,03/19/2026 01:25:00 PM
"Count and Color Car, Car, Triangle Worksheet for Kids",Help kids master Count and Color with this printable worksheet for Preschool. Great for daily math practice.,https://mathworksheetdownload.github.io/html/count-and-color-car-car-triangle-worksheet-for-kids-3823.html,https://mathworksheetdownload.github.io/images/count-and-color-car-car-triangle-worksheet-for-kids-3823.jpg,Printable Worksheets,03/19/2026 04:34:00 PM
Learn Counting With Pictures Worksheet (Kindergarten) - Part 15 | Printable Practice,Fun and engaging Counting Objects worksheet for Kindergarten. Perfect printable math practice.,https://mathworksheetdownload.github.io/html/learn-counting-with-pictures-worksheet-kindergarten-part-15-7174.html,https://mathworksheetdownload.github.io/images/learn-counting-with-pictures-worksheet-kindergarten-part-15-7174.jpg,Homeschool Math,03/19/2026 08:35:00 PM
Free 30 Division Math Worksheet For Grade 1 With Answers - Part 16 | Printable Practice,Teachers and parents love this Division worksheet for Grade 1. Download and print instantly.,https://mathworksheetdownload.github.io/html/free-30-division-math-worksheet-for-grade-1-with-answers-part-16-6294.html,https://mathworksheetdownload.github.io/images/free-30-division-math-worksheet-for-grade-1-with-answers-part-16-6294.jpg,Kids Math Worksheets,03/20/2026 08:35:00 AM
8 General Math Quiz Printable Worksheet,Free printable Math worksheet for Math. Perfect for homeschool practice and classroom activities.,https://mathworksheetdownload.github.io/html/8-general-math-quiz-printable-worksheet-1299.html,https://mathworksheetdownload.github.io/images/8-general-math-quiz-printable-worksheet-1299.jpg,Kids Math Worksheets,03/20/2026 11:00:00 AM
Missing Number Math Worksheet,Printable Missing Number worksheet designed for Grade 1 students. Easy and fun math practice.,https://mathworksheetdownload.github.io/html/missing-number-math-worksheet-3836.html,https://mathworksheetdownload.github.io/images/missing-number-math-worksheet-3836.jpg,Homeschool Math,03/20/2026 01:22:00 PM
Mixed Operations Math Worksheet,Printable Mixed Operations worksheet designed for Grade 3 students. Easy and fun math practice.,https://mathworksheetdownload.github.io/html/mixed-operations-math-worksheet-7954.html,https://mathworksheetdownload.github.io/images/mixed-operations-math-worksheet-7954.jpg,Homeschool Math,03/20/2026 04:32:00 PM
Grade 1 Multiplication Practice Worksheet (24 Problems) - Part 20 | Printable Practice,Free printable Multiplication worksheet for Grade 1. Perfect for homeschool practice and classroom activities.,https://mathworksheetdownload.github.io/html/grade-1-multiplication-practice-worksheet-24-problems-part-20-5636.html,https://mathworksheetdownload.github.io/images/grade-1-multiplication-practice-worksheet-24-problems-part-20-5636.jpg,Homeschool Math,03/20/2026 08:36:00 PM
Grade 5 Subtraction Practice Worksheet (29 Problems) - Part 21 | Printable Practice,Printable Subtraction worksheet designed for Grade 5 students. Easy and fun math practice.,https://mathworksheetdownload.github.io/html/grade-5-subtraction-practice-worksheet-29-problems-part-21-1042.html,https://mathworksheetdownload.github.io/images/grade-5-subtraction-practice-worksheet-29-problems-part-21-1042.jpg,Elementary Math Activities,03/21/2026 08:34:00 AM
Printable 7 Times Table Worksheet For Grade 3 - Part 22 | Printable Practice,Help kids master Times Table with this printable worksheet for Grade 3. Great for daily math practice.,https://mathworksheetdownload.github.io/html/printable-7-times-table-worksheet-for-grade-3-part-22-8346.html,https://mathworksheetdownload.github.io/images/printable-7-times-table-worksheet-for-grade-3-part-22-8346.jpg,Kids Math Worksheets,03/21/2026 11:05:00 AM
Printable Tracing Worksheet For Kids - Part 23 | Free Printable,Teachers and parents love this Tracing worksheet for Kindergarten. Download and print instantly.,https://mathworksheetdownload.github.io/html/printable-tracing-worksheet-for-kids-part-23-7426.html,https://mathworksheetdownload.github.io/images/printable-tracing-worksheet-for-kids-part-23-7426.jpg,Elementary Math Activities,03/21/2026 01:33:00 PM
Math Word Problem Worksheet,Help kids master Word Problem with this printable worksheet for Grade 3. Great for daily math practice.,https://mathworksheetdownload.github.io/html/math-word-problem-worksheet-4381.html,https://mathworksheetdownload.github.io/images/math-word-problem-worksheet-4381.jpg,Elementary Math Activities,03/21/2026 04:36:00 PM
Free 17 Addition Math Worksheet For Grade 3 With Answers - Part 25 | Printable Practice,Printable Addition worksheet designed for Grade 3 students. Easy and fun math practice.,https://mathworksheetdownload.github.io/html/free-17-addition-math-worksheet-for-grade-3-with-answers-part-25-3240.html,https://mathworksheetdownload.github.io/images/free-17-addition-math-worksheet-for-grade-3-with-answers-part-25-3240.jpg,Homeschool Math,03/21/2026 08:36:00 PM
"Count and Color Car, Star, Star Worksheet for Kids",Help kids master Count and Color with this printable worksheet for Preschool. Great for daily math practice.,https://mathworksheetdownload.github.io/html/count-and-color-car-star-star-worksheet-for-kids-6329.html,https://mathworksheetdownload.github.io/images/count-and-color-car-star-star-worksheet-for-kids-6329.jpg,Math Practice Printables,03/22/2026 08:35:00 AM
Free Counting Objects Worksheet For Kindergarten - Part 27 | Printable Practice,Printable Counting Objects worksheet designed for Kindergarten students. Easy and fun math practice.,https://mathworksheetdownload.github.io/html/free-counting-objects-worksheet-for-kindergarten-part-27-6219.html,https://mathworksheetdownload.github.io/images/free-counting-objects-worksheet-for-kindergarten-part-27-6219.jpg,Math Practice Printables,03/22/2026 11:05:00 AM
Grade 1 Division Practice Worksheet (23 Problems) - Part 28 | Printable Practice,Free printable Division worksheet for Grade 1. Perfect for homeschool practice and classroom activities.,https://mathworksheetdownload.github.io/html/grade-1-division-practice-worksheet-23-problems-part-28-4639.html,https://mathworksheetdownload.github.io/images/grade-1-division-practice-worksheet-23-problems-part-28-4639.jpg,Homeschool Math,03/22/2026 01:38:00 PM
4 Math Knowledge Test Test Worksheet for Math Learners,Printable Math worksheet designed for Math students. Easy and fun math practice.,https://mathworksheetdownload.github.io/html/4-math-knowledge-test-test-worksheet-for-math-learners-7713.html,https://mathworksheetdownload.github.io/images/4-math-knowledge-test-test-worksheet-for-math-learners-7713.jpg,Math Practice Printables,03/22/2026 04:29:00 PM
Missing Number Math Worksheet,Free printable Missing Number worksheet for Grade 1. Perfect for homeschool practice and classroom activities.,https://mathworksheetdownload.github.io/html/missing-number-math-worksheet-9989.html,https://mathworksheetdownload.github.io/images/missing-number-math-worksheet-9989.jpg,Math Practice Printables,03/22/2026 08:33:00 PM
Mixed Operations Math Worksheet,Free printable Mixed Operations worksheet for Grade 3. Perfect for homeschool practice and classroom activities.,https://mathworksheetdownload.github.io/html/mixed-operations-math-worksheet-1375.html,https://mathworksheetdownload.github.io/images/mixed-operations-math-worksheet-1375.jpg,Kids Math Worksheets,03/23/2026 08:38:00 AM
Free 24 Multiplication Math Worksheet For Grade 2 With Answers - Part 32 | Printable Practice,Fun and engaging Multiplication worksheet for Grade 2. Perfect printable math practice.,https://mathworksheetdownload.github.io/html/free-24-multiplication-math-worksheet-for-grade-2-with-answers-part-32-8115.html,https://mathworksheetdownload.github.io/images/free-24-multiplication-math-worksheet-for-grade-2-with-answers-part-32-8115.jpg,Elementary Math Activities,03/23/2026 11:03:00 AM
Grade 3 Subtraction Practice Worksheet (13 Problems) - Part 33 | Printable Practice,Teachers and parents love this Subtraction worksheet for Grade 3. Download and print instantly.,https://mathworksheetdownload.github.io/html/grade-3-subtraction-practice-worksheet-13-problems-part-33-1909.html,https://mathworksheetdownload.github.io/images/grade-3-subtraction-practice-worksheet-13-problems-part-33-1909.jpg,Homeschool Math,03/23/2026 01:28:00 PM
12 Times Table Worksheet For Grade 4 With Answers - Part 34 | Printable Practice,Help kids master Times Table with this printable worksheet for Grade 4. Great for daily math practice.,https://mathworksheetdownload.github.io/html/12-times-table-worksheet-for-grade-4-with-answers-part-34-3601.html,https://mathworksheetdownload.github.io/images/12-times-table-worksheet-for-grade-4-with-answers-part-34-3601.jpg,Elementary Math Activities,03/23/2026 04:22:00 PM
Printable Tracing Worksheet For Kids - Part 35 | Free Printable,Teachers and parents love this Tracing worksheet for Preschool. Download and print instantly.,https://mathworksheetdownload.github.io/html/printable-tracing-worksheet-for-kids-part-35-3751.html,https://mathworksheetdownload.github.io/images/printable-tracing-worksheet-for-kids-part-35-3751.jpg,Printable Worksheets,03/23/2026 08:24:00 PM
Math Word Problem Worksheet,Printable Word Problem worksheet designed for Grade 3 students. Easy and fun math practice.,https://mathworksheetdownload.github.io/html/math-word-problem-worksheet-7663.html,https://mathworksheetdownload.github.io/images/math-word-problem-worksheet-7663.jpg,Printable Worksheets,03/24/2026 08:29:00 AM
Printable Free 14 Addition Math Worksheet For Grade 3 - Part 37 | Printable Practice,Printable Addition worksheet designed for Grade 3 students. Easy and fun math practice.,https://mathworksheetdownload.github.io/html/printable-free-14-addition-math-worksheet-for-grade-3-part-37-7079.html,https://mathworksheetdownload.github.io/images/printable-free-14-addition-math-worksheet-for-grade-3-part-37-7079.jpg,Math Practice Printables,03/24/2026 11:03:00 AM
Printable Count and Color Worksheet for Preschool Kids,Help kids master Count and Color with this printable worksheet for Preschool. Great for daily math practice.,https://mathworksheetdownload.github.io/html/printable-count-and-color-worksheet-for-preschool-kids-5741.html,https://mathworksheetdownload.github.io/images/printable-count-and-color-worksheet-for-preschool-kids-5741.jpg,Kids Math Worksheets,03/24/2026 01:34:00 PM
Learn Counting With Pictures Worksheet (Kindergarten) - Part 39 | Printable Practice,Printable Counting Objects worksheet designed for Kindergarten students. Easy and fun math practice.,https://mathworksheetdownload.github.io/html/learn-counting-with-pictures-worksheet-kindergarten-part-39-1200.html,https://mathworksheetdownload.github.io/images/learn-counting-with-pictures-worksheet-kindergarten-part-39-1200.jpg,Elementary Math Activities,03/24/2026 04:33:00 PM
Printable Free 25 Division Math Worksheet For Grade 1 - Part 40 | Printable Practice,Teachers and parents love this Division worksheet for Grade 1. Download and print instantly.,https://mathworksheetdownload.github.io/html/printable-free-25-division-math-worksheet-for-grade-1-part-40-6688.html,https://mathworksheetdownload.github.io/images/printable-free-25-division-math-worksheet-for-grade-1-part-40-6688.jpg,Homeschool Math,03/24/2026 08:28:00 PM
Daily Mathematics Problem Set Worksheet,Teachers and parents love this Math worksheet for Math. Download and print instantly.,https://mathworksheetdownload.github.io/html/daily-mathematics-problem-set-worksheet-2652.html,https://mathworksheetdownload.github.io/images/daily-mathematics-problem-set-worksheet-2652.jpg,Elementary Math Activities,03/25/2026 08:38:00 AM
Missing Number Math Worksheet,Teachers and parents love this Missing Number worksheet for Grade 1. Download and print instantly.,https://mathworksheetdownload.github.io/html/missing-number-math-worksheet-2818.html,https://mathworksheetdownload.github.io/images/missing-number-math-worksheet-2818.jpg,Homeschool Math,03/25/2026 11:00:00 AM
Mixed Operations Math Worksheet,Help kids master Mixed Operations with this printable worksheet for Grade 3. Great for daily math practice.,https://mathworksheetdownload.github.io/html/mixed-operations-math-worksheet-6202.html,https://mathworksheetdownload.github.io/images/mixed-operations-math-worksheet-6202.jpg,Math Practice Printables,03/25/2026 01:25:00 PM
Free 24 Multiplication Math Worksheet For Grade 2 With Answers - Part 44 | Printable Practice,Free printable Multiplication worksheet for Grade 2. Perfect for homeschool practice and classroom activities.,https://mathworksheetdownload.github.io/html/free-24-multiplication-math-worksheet-for-grade-2-with-answers-part-44-9407.html,https://mathworksheetdownload.github.io/images/free-24-multiplication-math-worksheet-for-grade-2-with-answers-part-44-9407.jpg,Printable Worksheets,03/25/2026 04:34:00 PM
Free 28 Subtraction Math Worksheet For Grade 2 With Answers - Part 45 | Printable Practice,Help kids master Subtraction with this printable worksheet for Grade 2. Great for daily math practice.,https://mathworksheetdownload.github.io/html/free-28-subtraction-math-worksheet-for-grade-2-with-answers-part-45-7491.html,https://mathworksheetdownload.github.io/images/free-28-subtraction-math-worksheet-for-grade-2-with-answers-part-45-7491.jpg,Homeschool Math,03/25/2026 08:26:00 PM
12 Times Table Worksheet For Grade 4 - Part 46 | Printable Practice,Teachers and parents love this Times Table worksheet for Grade 4. Download and print instantly.,https://mathworksheetdownload.github.io/html/12-times-table-worksheet-for-grade-4-part-46-2298.html,https://mathworksheetdownload.github.io/images/12-times-table-worksheet-for-grade-4-part-46-2298.jpg,Printable Worksheets,03/26/2026 08:36:00 AM
Printable Tracing Worksheet For Kids - Part 47 | Free Printable,Printable Tracing worksheet designed for Kindergarten students. Easy and fun math practice.,https://mathworksheetdownload.github.io/html/printable-tracing-worksheet-for-kids-part-47-3728.html,https://mathworksheetdownload.github.io/images/printable-tracing-worksheet-for-kids-part-47-3728.jpg,Homeschool Math,03/26/2026 11:06:00 AM
Math Word Problem Worksheet,Free printable Word Problem worksheet for Grade 3. Perfect for homeschool practice and classroom activities.,https://mathworksheetdownload.github.io/html/math-word-problem-worksheet-6874.html,https://mathworksheetdownload.github.io/images/math-word-problem-worksheet-6874.jpg,Homeschool Math,03/26/2026 01:22:00 PM
Grade 3 Addition Practice Worksheet (13 Problems) - Part 49 | Printable Practice,Fun and engaging Addition worksheet for Grade 3. Perfect printable math practice.,https://mathworksheetdownload.github.io/html/grade-3-addition-practice-worksheet-13-problems-part-49-7868.html,https://mathworksheetdownload.github.io/images/grade-3-addition-practice-worksheet-13-problems-part-49-7868.jpg,Printable Worksheets,03/26/2026 04:22:00 PM
Fun Count and Color Objects Worksheet for Preschool,Printable Count and Color worksheet designed for Preschool students. Easy and fun math practice.,https://mathworksheetdownload.github.io/html/fun-count-and-color-objects-worksheet-for-preschool-3031.html,https://mathworksheetdownload.github.io/images/fun-count-and-color-objects-worksheet-for-preschool-3031.jpg,Math Practice Printables,03/26/2026 08:27:00 PM
Free Counting Objects Worksheet For Kindergarten Printable - Part 51 | Printable Practice,Printable Counting Objects worksheet designed for Kindergarten students. Easy and fun math practice.,https://mathworksheetdownload.github.io/html/free-counting-objects-worksheet-for-kindergarten-printable-part-51-4433.html,https://mathworksheetdownload.github.io/images/free-counting-objects-worksheet-for-kindergarten-printable-part-51-4433.jpg,Math Practice Printables,03/27/2026 08:28:00 AM
Free 25 Division Math Worksheet For Grade 1 - Part 52 | Printable Practice,Printable Division worksheet designed for Grade 1 students. Easy and fun math practice.,https://mathworksheetdownload.github.io/html/free-25-division-math-worksheet-for-grade-1-part-52-8958.html,https://mathworksheetdownload.github.io/images/free-25-division-math-worksheet-for-grade-1-part-52-8958.jpg,Math Practice Printables,03/27/2026 11:00:00 AM
4 Mathematics Quiz Practice Worksheet,Fun and engaging Math worksheet for Math. Perfect printable math practice.,https://mathworksheetdownload.github.io/html/4-mathematics-quiz-practice-worksheet-5813.html,https://mathworksheetdownload.github.io/images/4-mathematics-quiz-practice-worksheet-5813.jpg,Kids Math Worksheets,03/27/2026 01:24:00 PM
Missing Number Math Worksheet,Free printable Missing Number worksheet for Grade 1. Perfect for homeschool practice and classroom activities.,https://mathworksheetdownload.github.io/html/missing-number-math-worksheet-4636.html,https://mathworksheetdownload.github.io/images/missing-number-math-worksheet-4636.jpg,Math Practice Printables,03/27/2026 04:31:00 PM
Mixed Operations Math Worksheet,Help kids master Mixed Operations with this printable worksheet for Grade 3. Great for daily math practice.,https://mathworksheetdownload.github.io/html/mixed-operations-math-worksheet-9367.html,https://mathworksheetdownload.github.io/images/mixed-operations-math-worksheet-9367.jpg,Elementary Math Activities,03/27/2026 08:28:00 PM
Grade 1 Multiplication Practice Worksheet (29 Problems) - Part 56 | Printable Practice,Teachers and parents love this Multiplication worksheet for Grade 1. Download and print instantly.,https://mathworksheetdownload.github.io/html/grade-1-multiplication-practice-worksheet-29-problems-part-56-6533.html,https://mathworksheetdownload.github.io/images/grade-1-multiplication-practice-worksheet-29-problems-part-56-6533.jpg,Homeschool Math,03/28/2026 08:38:00 AM
Grade 5 Subtraction Practice Worksheet (27 Problems) - Part 57 | Printable Practice,Free printable Subtraction worksheet for Grade 5. Perfect for homeschool practice and classroom activities.,https://mathworksheetdownload.github.io/html/grade-5-subtraction-practice-worksheet-27-problems-part-57-7068.html,https://mathworksheetdownload.github.io/images/grade-5-subtraction-practice-worksheet-27-problems-part-57-7068.jpg,Elementary Math Activities,03/28/2026 11:00:00 AM
Grade 2 Multiplication Table 3 Practice - Part 58 | Printable Practice,Fun and engaging Times Table worksheet for Grade 2. Perfect printable math practice.,https://mathworksheetdownload.github.io/html/grade-2-multiplication-table-3-practice-part-58-9876.html,https://mathworksheetdownload.github.io/images/grade-2-multiplication-table-3-practice-part-58-9876.jpg,Kids Math Worksheets,03/28/2026 01:36:00 PM
Printable Tracing Worksheet For Kids - Part 59 | Free Printable,Teachers and parents love this Tracing worksheet for Preschool. Download and print instantly.,https://mathworksheetdownload.github.io/html/printable-tracing-worksheet-for-kids-part-59-9193.html,https://mathworksheetdownload.github.io/images/printable-tracing-worksheet-for-kids-part-59-9193.jpg,Kids Math Worksheets,03/28/2026 04:34:00 PM
Math Word Problem Worksheet,Free printable Word Problem worksheet for Grade 3. Perfect for homeschool practice and classroom activities.,https://mathworksheetdownload.github.io/html/math-word-problem-worksheet-1337.html,https://mathworksheetdownload.github.io/images/math-word-problem-worksheet-1337.jpg,Math Practice Printables,03/28/2026 08:25:00 PM
Printable Free 23 Addition Math Worksheet For Grade 5 - Part 61 | Printable Practice,Fun and engaging Addition worksheet for Grade 5. Perfect printable math practice.,https://mathworksheetdownload.github.io/html/printable-free-23-addition-math-worksheet-for-grade-5-part-61-9825.html,https://mathworksheetdownload.github.io/images/printable-free-23-addition-math-worksheet-for-grade-5-part-61-9825.jpg,Printable Worksheets,03/29/2026 08:32:00 AM
Printable Count and Color Worksheet for Kindergarten Kids,Free printable Count and Color worksheet for Kindergarten. Perfect for homeschool practice and classroom activities.,https://mathworksheetdownload.github.io/html/printable-count-and-color-worksheet-for-kindergarten-kids-5414.html,https://mathworksheetdownload.github.io/images/printable-count-and-color-worksheet-for-kindergarten-kids-5414.jpg,Kids Math Worksheets,03/29/2026 11:00:00 AM
Free Counting Objects Worksheet For Kindergarten Printable - Part 63 | Printable Practice,Teachers and parents love this Counting Objects worksheet for Kindergarten. Download and print instantly.,https://mathworksheetdownload.github.io/html/free-counting-objects-worksheet-for-kindergarten-printable-part-63-1850.html,https://mathworksheetdownload.github.io/images/free-counting-objects-worksheet-for-kindergarten-printable-part-63-1850.jpg,Math Practice Printables,03/29/2026 01:36:00 PM
Free 14 Division Math Worksheet For Grade 2 - Part 64 | Printable Practice,Printable Division worksheet designed for Grade 2 students. Easy and fun math practice.,https://mathworksheetdownload.github.io/html/free-14-division-math-worksheet-for-grade-2-part-64-6883.html,https://mathworksheetdownload.github.io/images/free-14-division-math-worksheet-for-grade-2-part-64-6883.jpg,Math Practice Printables,03/29/2026 04:22:00 PM
4 Math Knowledge Test,Printable Math worksheet designed for Math students. Easy and fun math practice.,https://mathworksheetdownload.github.io/html/4-math-knowledge-test-8974.html,https://mathworksheetdownload.github.io/images/4-math-knowledge-test-8974.jpg,Kids Math Worksheets,03/29/2026 08:33:00 PM
Missing Number Math Worksheet,Teachers and parents love this Missing Number worksheet for Grade 1. Download and print instantly.,https://mathworksheetdownload.github.io/html/missing-number-math-worksheet-4972.html,https://mathworksheetdownload.github.io/images/missing-number-math-worksheet-4972.jpg,Math Practice Printables,03/30/2026 08:26:00 AM
Mixed Operations Math Worksheet,Teachers and parents love this Mixed Operations worksheet for Grade 3. Download and print instantly.,https://mathworksheetdownload.github.io/html/mixed-operations-math-worksheet-8720.html,https://mathworksheetdownload.github.io/images/mixed-operations-math-worksheet-8720.jpg,Elementary Math Activities,03/30/2026 11:04:00 AM
Printable Free 20 Multiplication Math Worksheet For Grade 2 - Part 68 | Printable Practice,Free printable Multiplication worksheet for Grade 2. Perfect for homeschool practice and classroom activities.,https://mathworksheetdownload.github.io/html/printable-free-20-multiplication-math-worksheet-for-grade-2-part-68-7587.html,https://mathworksheetdownload.github.io/images/printable-free-20-multiplication-math-worksheet-for-grade-2-part-68-7587.jpg,Printable Worksheets,03/30/2026 01:29:00 PM
Free 14 Subtraction Math Worksheet For Grade 2 With Answers - Part 69 | Printable Practice,Teachers and parents love this Subtraction worksheet for Grade 2. Download and print instantly.,https://mathworksheetdownload.github.io/html/free-14-subtraction-math-worksheet-for-grade-2-with-answers-part-69-3863.html,https://mathworksheetdownload.github.io/images/free-14-subtraction-math-worksheet-for-grade-2-with-answers-part-69-3863.jpg,Math Practice Printables,03/30/2026 04:31:00 PM
8 Times Table Worksheet For Grade 3 With Answers - Part 70 | Printable Practice,Help kids master Times Table with this printable worksheet for Grade 3. Great for daily math practice.,https://mathworksheetdownload.github.io/html/8-times-table-worksheet-for-grade-3-with-answers-part-70-2830.html,https://mathworksheetdownload.github.io/images/8-times-table-worksheet-for-grade-3-with-answers-part-70-2830.jpg,Printable Worksheets,03/30/2026 08:35:00 PM
Printable Tracing Worksheet For Kids - Part 71 | Free Printable,Help kids master Tracing with this printable worksheet for Preschool. Great for daily math practice.,https://mathworksheetdownload.github.io/html/printable-tracing-worksheet-for-kids-part-71-3962.html,https://mathworksheetdownload.github.io/images/printable-tracing-worksheet-for-kids-part-71-3962.jpg,Elementary Math Activities,03/31/2026 08:24:00 AM
Math Word Problem Worksheet,Printable Word Problem worksheet designed for Grade 3 students. Easy and fun math practice.,https://mathworksheetdownload.github.io/html/math-word-problem-worksheet-7426.html,https://mathworksheetdownload.github.io/images/math-word-problem-worksheet-7426.jpg,Elementary Math Activities,03/31/2026 11:00:00 AM
Grade 5 Addition Practice Worksheet (21 Problems) - Part 73 | Printable Practice,Printable Addition worksheet designed for Grade 5 students. Easy and fun math practice.,https://mathworksheetdownload.github.io/html/grade-5-addition-practice-worksheet-21-problems-part-73-2798.html,https://mathworksheetdownload.github.io/images/grade-5-addition-practice-worksheet-21-problems-part-73-2798.jpg,Kids Math Worksheets,03/31/2026 01:26:00 PM
Fun Count and Color Objects Worksheet for Grade 1,Printable Count and Color worksheet designed for Grade 1 students. Easy and fun math practice.,https://mathworksheetdownload.github.io/html/fun-count-and-color-objects-worksheet-for-grade-1-6887.html,https://mathworksheetdownload.github.io/images/fun-count-and-color-objects-worksheet-for-grade-1-6887.jpg,Kids Math Worksheets,03/31/2026 04:36:00 PM
Learn Counting With Pictures Worksheet (Pre-K) - Part 75 | Printable Practice,Fun and engaging Counting Objects worksheet for Pre-K. Perfect printable math practice.,https://mathworksheetdownload.github.io/html/learn-counting-with-pictures-worksheet-pre-k-part-75-8868.html,https://mathworksheetdownload.github.io/images/learn-counting-with-pictures-worksheet-pre-k-part-75-8868.jpg,Homeschool Math,03/31/2026 08:34:00 PM
Free 27 Division Math Worksheet For Grade 2 - Part 76 | Printable Practice,Help kids master Division with this printable worksheet for Grade 2. Great for daily math practice.,https://mathworksheetdownload.github.io/html/free-27-division-math-worksheet-for-grade-2-part-76-2568.html,https://mathworksheetdownload.github.io/images/free-27-division-math-worksheet-for-grade-2-part-76-2568.jpg,Kids Math Worksheets,04/01/2026 08:33:00 AM
Advanced Math Skill Test for Students (7 Questions),Teachers and parents love this Math worksheet for Math. Download and print instantly.,https://mathworksheetdownload.github.io/html/advanced-math-skill-test-for-students-7-questions-8870.html,https://mathworksheetdownload.github.io/images/advanced-math-skill-test-for-students-7-questions-8870.jpg,Math Practice Printables,04/01/2026 11:02:00 AM
Missing Number Math Worksheet,Printable Missing Number worksheet designed for Grade 1 students. Easy and fun math practice.,https://mathworksheetdownload.github.io/html/missing-number-math-worksheet-1705.html,https://mathworksheetdownload.github.io/images/missing-number-math-worksheet-1705.jpg,Math Practice Printables,04/01/2026 01:32:00 PM
Mixed Operations Math Worksheet,Teachers and parents love this Mixed Operations worksheet for Grade 3. Download and print instantly.,https://mathworksheetdownload.github.io/html/mixed-operations-math-worksheet-8457.html,https://mathworksheetdownload.github.io/images/mixed-operations-math-worksheet-8457.jpg,Kids Math Worksheets,04/01/2026 04:35:00 PM
Printable Free 27 Multiplication Math Worksheet For Grade 2 - Part 80 | Printable Practice,Fun and engaging Multiplication worksheet for Grade 2. Perfect printable math practice.,https://mathworksheetdownload.github.io/html/printable-free-27-multiplication-math-worksheet-for-grade-2-part-80-3267.html,https://mathworksheetdownload.github.io/images/printable-free-27-multiplication-math-worksheet-for-grade-2-part-80-3267.jpg,Elementary Math Activities,04/01/2026 08:27:00 PM
Grade 2 Subtraction Practice Worksheet (10 Problems) - Part 81 | Printable Practice,Teachers and parents love this Subtraction worksheet for Grade 2. Download and print instantly.,https://mathworksheetdownload.github.io/html/grade-2-subtraction-practice-worksheet-10-problems-part-81-4972.html,https://mathworksheetdownload.github.io/images/grade-2-subtraction-practice-worksheet-10-problems-part-81-4972.jpg,Homeschool Math,04/02/2026 08:38:00 AM
2 Times Table Worksheet For Grade 2 - Part 82 | Printable Practice,Help kids master Times Table with this printable worksheet for Grade 2. Great for daily math practice.,https://mathworksheetdownload.github.io/html/2-times-table-worksheet-for-grade-2-part-82-8482.html,https://mathworksheetdownload.github.io/images/2-times-table-worksheet-for-grade-2-part-82-8482.jpg,Elementary Math Activities,04/02/2026 11:00:00 AM
Printable Tracing Worksheet For Kids - Part 83 | Free Printable,Teachers and parents love this Tracing worksheet for Preschool. Download and print instantly.,https://mathworksheetdownload.github.io/html/printable-tracing-worksheet-for-kids-part-83-9939.html,https://mathworksheetdownload.github.io/images/printable-tracing-worksheet-for-kids-part-83-9939.jpg,Math Practice Printables,04/02/2026 01:22:00 PM
Math Word Problem Worksheet,Free printable Word Problem worksheet for Grade 3. Perfect for homeschool practice and classroom activities.,https://mathworksheetdownload.github.io/html/math-word-problem-worksheet-2037.html,https://mathworksheetdownload.github.io/images/math-word-problem-worksheet-2037.jpg,Homeschool Math,04/02/2026 04:27:00 PM
Grade 5 Addition Practice Worksheet (22 Problems) - Part 85 | Printable Practice,Fun and engaging Addition worksheet for Grade 5. Perfect printable math practice.,https://mathworksheetdownload.github.io/html/grade-5-addition-practice-worksheet-22-problems-part-85-4662.html,https://mathworksheetdownload.github.io/images/grade-5-addition-practice-worksheet-22-problems-part-85-4662.jpg,Math Practice Printables,04/02/2026 08:28:00 PM
Grade 1 Count and Color Shapes Worksheet,Free printable Count and Color worksheet for Grade 1. Perfect for homeschool practice and classroom activities.,https://mathworksheetdownload.github.io/html/grade-1-count-and-color-shapes-worksheet-2381.html,https://mathworksheetdownload.github.io/images/grade-1-count-and-color-shapes-worksheet-2381.jpg,Kids Math Worksheets,04/03/2026 08:25:00 AM
Free Counting Objects Worksheet For Kindergarten - Part 87 | Printable Practice,Printable Counting Objects worksheet designed for Kindergarten students. Easy and fun math practice.,https://mathworksheetdownload.github.io/html/free-counting-objects-worksheet-for-kindergarten-part-87-5831.html,https://mathworksheetdownload.github.io/images/free-counting-objects-worksheet-for-kindergarten-part-87-5831.jpg,Elementary Math Activities,04/03/2026 11:05:00 AM
Printable Free 22 Division Math Worksheet For Grade 2 - Part 88 | Printable Practice,Fun and engaging Division worksheet for Grade 2. Perfect printable math practice.,https://mathworksheetdownload.github.io/html/printable-free-22-division-math-worksheet-for-grade-2-part-88-6439.html,https://mathworksheetdownload.github.io/images/printable-free-22-division-math-worksheet-for-grade-2-part-88-6439.jpg,Printable Worksheets,04/03/2026 01:30:00 PM
4 Math Questions Practice Worksheet,Help kids master Math with this printable worksheet for Math. Great for daily math practice.,https://mathworksheetdownload.github.io/html/4-math-questions-practice-worksheet-2799.html,https://mathworksheetdownload.github.io/images/4-math-questions-practice-worksheet-2799.jpg,Elementary Math Activities,04/03/2026 04:26:00 PM
Missing Number Math Worksheet,Free printable Missing Number worksheet for Grade 1. Perfect for homeschool practice and classroom activities.,https://mathworksheetdownload.github.io/html/missing-number-math-worksheet-4239.html,https://mathworksheetdownload.github.io/images/missing-number-math-worksheet-4239.jpg,Kids Math Worksheets,04/03/2026 08:36:00 PM
Mixed Operations Math Worksheet,Fun and engaging Mixed Operations worksheet for Grade 3. Perfect printable math practice.,https://mathworksheetdownload.github.io/html/mixed-operations-math-worksheet-7001.html,https://mathworksheetdownload.github.io/images/mixed-operations-math-worksheet-7001.jpg,Homeschool Math,04/04/2026 08:37:00 AM
Free 29 Multiplication Math Worksheet For Grade 2 - Part 92 | Printable Practice,Printable Multiplication worksheet designed for Grade 2 students. Easy and fun math practice.,https://mathworksheetdownload.github.io/html/free-29-multiplication-math-worksheet-for-grade-2-part-92-5567.html,https://mathworksheetdownload.github.io/images/free-29-multiplication-math-worksheet-for-grade-2-part-92-5567.jpg,Elementary Math Activities,04/04/2026 11:00:00 AM
Free 22 Subtraction Math Worksheet For Grade 3 With Answers - Part 93 | Printable Practice,Free printable Subtraction worksheet for Grade 3. Perfect for homeschool practice and classroom activities.,https://mathworksheetdownload.github.io/html/free-22-subtraction-math-worksheet-for-grade-3-with-answers-part-93-3054.html,https://mathworksheetdownload.github.io/images/free-22-subtraction-math-worksheet-for-grade-3-with-answers-part-93-3054.jpg,Printable Worksheets,04/04/2026 01:28:00 PM
2 Times Table Worksheet For Grade 2 - Part 94 | Printable Practice,Teachers and parents love this Times Table worksheet for Grade 2. Download and print instantly.,https://mathworksheetdownload.github.io/html/2-times-table-worksheet-for-grade-2-part-94-5982.html,https://mathworksheetdownload.github.io/images/2-times-table-worksheet-for-grade-2-part-94-5982.jpg,Kids Math Worksheets,04/04/2026 04:38:00 PM
Printable Tracing Worksheet For Kids - Part 95 | Free Printable,Printable Tracing worksheet designed for Kindergarten students. Easy and fun math practice.,https://mathworksheetdownload.github.io/html/printable-tracing-worksheet-for-kids-part-95-7856.html,https://mathworksheetdownload.github.io/images/printable-tracing-worksheet-for-kids-part-95-7856.jpg,Math Practice Printables,04/04/2026 08:27:00 PM
Math Word Problem Worksheet,Free printable Word Problem worksheet for Grade 3. Perfect for homeschool practice and classroom activities.,https://mathworksheetdownload.github.io/html/math-word-problem-worksheet-1150.html,https://mathworksheetdownload.github.io/images/math-word-problem-worksheet-1150.jpg,Math Practice Printables,04/05/2026 08:23:00 AM
Free 29 Addition Math Worksheet For Grade 3 - Part 97 | Printable Practice,Printable Addition worksheet designed for Grade 3 students. Easy and fun math practice.,https://mathworksheetdownload.github.io/html/free-29-addition-math-worksheet-for-grade-3-part-97-5428.html,https://mathworksheetdownload.github.io/images/free-29-addition-math-worksheet-for-grade-3-part-97-5428.jpg,Printable Worksheets,04/05/2026 11:00:00 AM
5 Free Count and Color Worksheets for Preschool,Teachers and parents love this Count and Color worksheet for Preschool. Download and print instantly.,https://mathworksheetdownload.github.io/html/5-free-count-and-color-worksheets-for-preschool-7510.html,https://mathworksheetdownload.github.io/images/5-free-count-and-color-worksheets-for-preschool-7510.jpg,Kids Math Worksheets,04/05/2026 01:23:00 PM
Kindergarten Count The Objects Worksheet - Part 99 | Printable Practice,Free printable Counting Objects worksheet for Kindergarten. Perfect for homeschool practice and classroom activities.,https://mathworksheetdownload.github.io/html/kindergarten-count-the-objects-worksheet-part-99-7831.html,https://mathworksheetdownload.github.io/images/kindergarten-count-the-objects-worksheet-part-99-7831.jpg,Elementary Math Activities,04/05/2026 04:31:00 PM
Free 11 Division Math Worksheet For Grade 1 - Part 100 | Printable Practice,Teachers and parents love this Division worksheet for Grade 1. Download and print instantly.,https://mathworksheetdownload.github.io/html/free-11-division-math-worksheet-for-grade-1-part-100-3939.html,https://mathworksheetdownload.github.io/images/free-11-division-math-worksheet-for-grade-1-part-100-3939.jpg,Printable Worksheets,04/05/2026 08:29:00 PM
Printable Mathematics Practice Training Worksheet for Study,Printable Math worksheet designed for Math students. Easy and fun math practice.,https://mathworksheetdownload.github.io/html/printable-mathematics-practice-training-worksheet-for-study-5249.html,https://mathworksheetdownload.github.io/images/printable-mathematics-practice-training-worksheet-for-study-5249.jpg,Printable Worksheets,04/06/2026 08:28:00 AM
Missing Number Math Worksheet,Printable Missing Number worksheet designed for Grade 1 students. Easy and fun math practice.,https://mathworksheetdownload.github.io/html/missing-number-math-worksheet-1967.html,https://mathworksheetdownload.github.io/images/missing-number-math-worksheet-1967.jpg,Kids Math Worksheets,04/06/2026 11:00:00 AM
Mixed Operations Math Worksheet,Printable Mixed Operations worksheet designed for Grade 3 students. Easy and fun math practice.,https://mathworksheetdownload.github.io/html/mixed-operations-math-worksheet-5273.html,https://mathworksheetdownload.github.io/images/mixed-operations-math-worksheet-5273.jpg,Kids Math Worksheets,04/06/2026 01:34:00 PM
Grade 2 Multiplication Practice Worksheet (16 Problems) - Part 104 | Printable Practice,Printable Multiplication worksheet designed for Grade 2 students. Easy and fun math practice.,https://mathworksheetdownload.github.io/html/grade-2-multiplication-practice-worksheet-16-problems-part-104-3663.html,https://mathworksheetdownload.github.io/images/grade-2-multiplication-practice-worksheet-16-problems-part-104-3663.jpg,Printable Worksheets,04/06/2026 04:25:00 PM
Free 27 Subtraction Math Worksheet For Grade 5 - Part 105 | Printable Practice,Free printable Subtraction worksheet for Grade 5. Perfect for homeschool practice and classroom activities.,https://mathworksheetdownload.github.io/html/free-27-subtraction-math-worksheet-for-grade-5-part-105-2923.html,https://mathworksheetdownload.github.io/images/free-27-subtraction-math-worksheet-for-grade-5-part-105-2923.jpg,Printable Worksheets,04/06/2026 08:38:00 PM
8 Times Table Worksheet For Grade 3 With Answers - Part 106 | Printable Practice,Fun and engaging Times Table worksheet for Grade 3. Perfect printable math practice.,https://mathworksheetdownload.github.io/html/8-times-table-worksheet-for-grade-3-with-answers-part-106-2365.html,https://mathworksheetdownload.github.io/images/8-times-table-worksheet-for-grade-3-with-answers-part-106-2365.jpg,Kids Math Worksheets,04/07/2026 08:29:00 AM
Printable Tracing Worksheet For Kids - Part 107 | Free Printable,Free printable Tracing worksheet for Kindergarten. Perfect for homeschool practice and classroom activities.,https://mathworksheetdownload.github.io/html/printable-tracing-worksheet-for-kids-part-107-3078.html,https://mathworksheetdownload.github.io/images/printable-tracing-worksheet-for-kids-part-107-3078.jpg,Homeschool Math,04/07/2026 11:07:00 AM
Math Word Problem Worksheet,Printable Word Problem worksheet designed for Grade 3 students. Easy and fun math practice.,https://mathworksheetdownload.github.io/html/math-word-problem-worksheet-5379.html,https://mathworksheetdownload.github.io/images/math-word-problem-worksheet-5379.jpg,Elementary Math Activities,04/07/2026 01:35:00 PM
Grade 1 Addition Practice Worksheet (29 Problems) - Part 109 | Printable Practice,Free printable Addition worksheet for Grade 1. Perfect for homeschool practice and classroom activities.,https://mathworksheetdownload.github.io/html/grade-1-addition-practice-worksheet-29-problems-part-109-2828.html,https://mathworksheetdownload.github.io/images/grade-1-addition-practice-worksheet-29-problems-part-109-2828.jpg,Elementary Math Activities,04/07/2026 04:36:00 PM
3 Free Count and Color Worksheets for Preschool,Fun and engaging Count and Color worksheet for Preschool. Perfect printable math practice.,https://mathworksheetdownload.github.io/html/3-free-count-and-color-worksheets-for-preschool-6240.html,https://mathworksheetdownload.github.io/images/3-free-count-and-color-worksheets-for-preschool-6240.jpg,Printable Worksheets,04/07/2026 08:28:00 PM
Kindergarten Count The Objects Worksheet - Part 111 | Printable Practice,Printable Counting Objects worksheet designed for Kindergarten students. Easy and fun math practice.,https://mathworksheetdownload.github.io/html/kindergarten-count-the-objects-worksheet-part-111-4218.html,https://mathworksheetdownload.github.io/images/kindergarten-count-the-objects-worksheet-part-111-4218.jpg,Kids Math Worksheets,04/08/2026 08:24:00 AM
Free 18 Division Math Worksheet For Grade 2 With Answers - Part 112 | Printable Practice,Free printable Division worksheet for Grade 2. Perfect for homeschool practice and classroom activities.,https://mathworksheetdownload.github.io/html/free-18-division-math-worksheet-for-grade-2-with-answers-part-112-2615.html,https://mathworksheetdownload.github.io/images/free-18-division-math-worksheet-for-grade-2-with-answers-part-112-2615.jpg,Kids Math Worksheets,04/08/2026 11:06:00 AM
Interactive Math Challenge Test Worksheet for High School Students,Teachers and parents love this Math worksheet for Math. Download and print instantly.,https://mathworksheetdownload.github.io/html/interactive-math-challenge-test-worksheet-for-high-school-students-7128.html,https://mathworksheetdownload.github.io/images/interactive-math-challenge-test-worksheet-for-high-school-students-7128.jpg,Elementary Math Activities,04/08/2026 01:36:00 PM
Missing Number Math Worksheet,Printable Missing Number worksheet designed for Grade 1 students. Easy and fun math practice.,https://mathworksheetdownload.github.io/html/missing-number-math-worksheet-4186.html,https://mathworksheetdownload.github.io/images/missing-number-math-worksheet-4186.jpg,Printable Worksheets,04/08/2026 04:28:00 PM
Mixed Operations Math Worksheet,Help kids master Mixed Operations with this printable worksheet for Grade 3. Great for daily math practice.,https://mathworksheetdownload.github.io/html/mixed-operations-math-worksheet-5941.html,https://mathworksheetdownload.github.io/images/mixed-operations-math-worksheet-5941.jpg,Kids Math Worksheets,04/08/2026 08:26:00 PM
Free 21 Multiplication Math Worksheet For Grade 1 - Part 116 | Printable Practice,Teachers and parents love this Multiplication worksheet for Grade 1. Download and print instantly.,https://mathworksheetdownload.github.io/html/free-21-multiplication-math-worksheet-for-grade-1-part-116-7743.html,https://mathworksheetdownload.github.io/images/free-21-multiplication-math-worksheet-for-grade-1-part-116-7743.jpg,Printable Worksheets,04/09/2026 08:26:00 AM
Free 12 Subtraction Math Worksheet For Grade 3 - Part 117 | Printable Practice,Teachers and parents love this Subtraction worksheet for Grade 3. Download and print instantly.,https://mathworksheetdownload.github.io/html/free-12-subtraction-math-worksheet-for-grade-3-part-117-2133.html,https://mathworksheetdownload.github.io/images/free-12-subtraction-math-worksheet-for-grade-3-part-117-2133.jpg,Homeschool Math,04/09/2026 11:06:00 AM
Grade 3 Multiplication Table 6 Practice - Part 118 | Printable Practice,Fun and engaging Times Table worksheet for Grade 3. Perfect printable math practice.,https://mathworksheetdownload.github.io/html/grade-3-multiplication-table-6-practice-part-118-9572.html,https://mathworksheetdownload.github.io/images/grade-3-multiplication-table-6-practice-part-118-9572.jpg,Kids Math Worksheets,04/09/2026 01:28:00 PM
Printable Tracing Worksheet For Kids - Part 119 | Free Printable,Printable Tracing worksheet designed for Kindergarten students. Easy and fun math practice.,https://mathworksheetdownload.github.io/html/printable-tracing-worksheet-for-kids-part-119-3486.html,https://mathworksheetdownload.github.io/images/printable-tracing-worksheet-for-kids-part-119-3486.jpg,Printable Worksheets,04/09/2026 04:32:00 PM
Math Word Problem Worksheet,Help kids master Word Problem with this printable worksheet for Grade 3. Great for daily math practice.,https://mathworksheetdownload.github.io/html/math-word-problem-worksheet-6344.html,https://mathworksheetdownload.github.io/images/math-word-problem-worksheet-6344.jpg,Printable Worksheets,04/09/2026 08:38:00 PM
Free 30 Addition Math Worksheet For Grade 1 - Part 121 | Printable Practice,Free printable Addition worksheet for Grade 1. Perfect for homeschool practice and classroom activities.,https://mathworksheetdownload.github.io/html/free-30-addition-math-worksheet-for-grade-1-part-121-6753.html,https://mathworksheetdownload.github.io/images/free-30-addition-math-worksheet-for-grade-1-part-121-6753.jpg,Elementary Math Activities,04/10/2026 08:34:00 AM
Printable Count and Color Worksheet for Kindergarten Kids,Free printable Count and Color worksheet for Kindergarten. Perfect for homeschool practice and classroom activities.,https://mathworksheetdownload.github.io/html/printable-count-and-color-worksheet-for-kindergarten-kids-1493.html,https://mathworksheetdownload.github.io/images/printable-count-and-color-worksheet-for-kindergarten-kids-1493.jpg,Printable Worksheets,04/10/2026 11:01:00 AM
Pre-K Count The Objects Worksheet - Part 123 | Printable Practice,Fun and engaging Counting Objects worksheet for Pre-K. Perfect printable math practice.,https://mathworksheetdownload.github.io/html/pre-k-count-the-objects-worksheet-part-123-5458.html,https://mathworksheetdownload.github.io/images/pre-k-count-the-objects-worksheet-part-123-5458.jpg,Printable Worksheets,04/10/2026 01:31:00 PM
Free 23 Division Math Worksheet For Grade 2 With Answers - Part 124 | Printable Practice,Free printable Division worksheet for Grade 2. Perfect for homeschool practice and classroom activities.,https://mathworksheetdownload.github.io/html/free-23-division-math-worksheet-for-grade-2-with-answers-part-124-7425.html,https://mathworksheetdownload.github.io/images/free-23-division-math-worksheet-for-grade-2-with-answers-part-124-7425.jpg,Homeschool Math,04/10/2026 04:31:00 PM
Daily Math Questions Training Worksheet,Printable Math worksheet designed for Math students. Easy and fun math practice.,https://mathworksheetdownload.github.io/html/daily-math-questions-training-worksheet-7580.html,https://mathworksheetdownload.github.io/images/daily-math-questions-training-worksheet-7580.jpg,Printable Worksheets,04/10/2026 08:32:00 PM
Missing Number Math Worksheet,Printable Missing Number worksheet designed for Grade 1 students. Easy and fun math practice.,https://mathworksheetdownload.github.io/html/missing-number-math-worksheet-3343.html,https://mathworksheetdownload.github.io/images/missing-number-math-worksheet-3343.jpg,Printable Worksheets,04/11/2026 08:35:00 AM
Mixed Operations Math Worksheet,Printable Mixed Operations worksheet designed for Grade 3 students. Easy and fun math practice.,https://mathworksheetdownload.github.io/html/mixed-operations-math-worksheet-2645.html,https://mathworksheetdownload.github.io/images/mixed-operations-math-worksheet-2645.jpg,Math Practice Printables,04/11/2026 11:00:00 AM
Printable Free 27 Multiplication Math Worksheet For Grade 2 - Part 128 | Printable Practice,Help kids master Multiplication with this printable worksheet for Grade 2. Great for daily math practice.,https://mathworksheetdownload.github.io/html/printable-free-27-multiplication-math-worksheet-for-grade-2-part-128-3350.html,https://mathworksheetdownload.github.io/images/printable-free-27-multiplication-math-worksheet-for-grade-2-part-128-3350.jpg,Elementary Math Activities,04/11/2026 01:32:00 PM
Free 23 Subtraction Math Worksheet For Grade 5 With Answers - Part 129 | Printable Practice,Teachers and parents love this Subtraction worksheet for Grade 5. Download and print instantly.,https://mathworksheetdownload.github.io/html/free-23-subtraction-math-worksheet-for-grade-5-with-answers-part-129-4984.html,https://mathworksheetdownload.github.io/images/free-23-subtraction-math-worksheet-for-grade-5-with-answers-part-129-4984.jpg,Kids Math Worksheets,04/11/2026 04:35:00 PM
4 Times Table Worksheet For Grade 2 - Part 130 | Printable Practice,Teachers and parents love this Times Table worksheet for Grade 2. Download and print instantly.,https://mathworksheetdownload.github.io/html/4-times-table-worksheet-for-grade-2-part-130-4050.html,https://mathworksheetdownload.github.io/images/4-times-table-worksheet-for-grade-2-part-130-4050.jpg,Kids Math Worksheets,04/11/2026 08:30:00 PM
Printable Tracing Worksheet For Kids - Part 131 | Free Printable,Teachers and parents love this Tracing worksheet for Kindergarten. Download and print instantly.,https://mathworksheetdownload.github.io/html/printable-tracing-worksheet-for-kids-part-131-2270.html,https://mathworksheetdownload.github.io/images/printable-tracing-worksheet-for-kids-part-131-2270.jpg,Homeschool Math,04/12/2026 08:30:00 AM
Math Word Problem Worksheet,Teachers and parents love this Word Problem worksheet for Grade 3. Download and print instantly.,https://mathworksheetdownload.github.io/html/math-word-problem-worksheet-7030.html,https://mathworksheetdownload.github.io/images/math-word-problem-worksheet-7030.jpg,Elementary Math Activities,04/12/2026 11:00:00 AM
Free 19 Addition Math Worksheet For Grade 5 With Answers - Part 133 | Printable Practice,Fun and engaging Addition worksheet for Grade 5. Perfect printable math practice.,https://mathworksheetdownload.github.io/html/free-19-addition-math-worksheet-for-grade-5-with-answers-part-133-3400.html,https://mathworksheetdownload.github.io/images/free-19-addition-math-worksheet-for-grade-5-with-answers-part-133-3400.jpg,Elementary Math Activities,04/12/2026 01:24:00 PM
Fun Count and Color Objects Worksheet for Preschool,Help kids master Count and Color with this printable worksheet for Preschool. Great for daily math practice.,https://mathworksheetdownload.github.io/html/fun-count-and-color-objects-worksheet-for-preschool-2848.html,https://mathworksheetdownload.github.io/images/fun-count-and-color-objects-worksheet-for-preschool-2848.jpg,Kids Math Worksheets,04/12/2026 04:32:00 PM
Pre-K Count The Objects Worksheet - Part 135 | Printable Practice,Help kids master Counting Objects with this printable worksheet for Pre-K. Great for daily math practice.,https://mathworksheetdownload.github.io/html/pre-k-count-the-objects-worksheet-part-135-7352.html,https://mathworksheetdownload.github.io/images/pre-k-count-the-objects-worksheet-part-135-7352.jpg,Elementary Math Activities,04/12/2026 08:24:00 PM
Grade 1 Division Practice Worksheet (17 Problems) - Part 136 | Printable Practice,Help kids master Division with this printable worksheet for Grade 1. Great for daily math practice.,https://mathworksheetdownload.github.io/html/grade-1-division-practice-worksheet-17-problems-part-136-1559.html,https://mathworksheetdownload.github.io/images/grade-1-division-practice-worksheet-17-problems-part-136-1559.jpg,Printable Worksheets,04/13/2026 08:25:00 AM
Practice General Math Quiz Practice Worksheet,Free printable Math worksheet for Math. Perfect for homeschool practice and classroom activities.,https://mathworksheetdownload.github.io/html/practice-general-math-quiz-practice-worksheet-9202.html,https://mathworksheetdownload.github.io/images/practice-general-math-quiz-practice-worksheet-9202.jpg,Homeschool Math,04/13/2026 11:08:00 AM
Missing Number Math Worksheet,Printable Missing Number worksheet designed for Grade 1 students. Easy and fun math practice.,https://mathworksheetdownload.github.io/html/missing-number-math-worksheet-5263.html,https://mathworksheetdownload.github.io/images/missing-number-math-worksheet-5263.jpg,Elementary Math Activities,04/13/2026 01:34:00 PM
Mixed Operations Math Worksheet,Printable Mixed Operations worksheet designed for Grade 3 students. Easy and fun math practice.,https://mathworksheetdownload.github.io/html/mixed-operations-math-worksheet-9125.html,https://mathworksheetdownload.github.io/images/mixed-operations-math-worksheet-9125.jpg,Homeschool Math,04/13/2026 04:23:00 PM
Free 21 Multiplication Math Worksheet For Grade 2 - Part 140 | Printable Practice,Free printable Multiplication worksheet for Grade 2. Perfect for homeschool practice and classroom activities.,https://mathworksheetdownload.github.io/html/free-21-multiplication-math-worksheet-for-grade-2-part-140-7275.html,https://mathworksheetdownload.github.io/images/free-21-multiplication-math-worksheet-for-grade-2-part-140-7275.jpg,Kids Math Worksheets,04/13/2026 08:38:00 PM
Free 19 Subtraction Math Worksheet For Grade 2 With Answers - Part 141 | Printable Practice,Fun and engaging Subtraction worksheet for Grade 2. Perfect printable math practice.,https://mathworksheetdownload.github.io/html/free-19-subtraction-math-worksheet-for-grade-2-with-answers-part-141-3573.html,https://mathworksheetdownload.github.io/images/free-19-subtraction-math-worksheet-for-grade-2-with-answers-part-141-3573.jpg,Homeschool Math,04/14/2026 08:31:00 AM
8 Times Table Worksheet For Grade 3 - Part 142 | Printable Practice,Fun and engaging Times Table worksheet for Grade 3. Perfect printable math practice.,https://mathworksheetdownload.github.io/html/8-times-table-worksheet-for-grade-3-part-142-2885.html,https://mathworksheetdownload.github.io/images/8-times-table-worksheet-for-grade-3-part-142-2885.jpg,Printable Worksheets,04/14/2026 11:06:00 AM
Printable Tracing Worksheet For Kids - Part 143 | Free Printable,Printable Tracing worksheet designed for Kindergarten students. Easy and fun math practice.,https://mathworksheetdownload.github.io/html/printable-tracing-worksheet-for-kids-part-143-7650.html,https://mathworksheetdownload.github.io/images/printable-tracing-worksheet-for-kids-part-143-7650.jpg,Printable Worksheets,04/14/2026 01:37:00 PM
Math Word Problem Worksheet,Printable Word Problem worksheet designed for Grade 3 students. Easy and fun math practice.,https://mathworksheetdownload.github.io/html/math-word-problem-worksheet-7107.html,https://mathworksheetdownload.github.io/images/math-word-problem-worksheet-7107.jpg,Homeschool Math,04/14/2026 04:31:00 PM
Free 17 Addition Math Worksheet For Grade 3 - Part 145 | Printable Practice,Fun and engaging Addition worksheet for Grade 3. Perfect printable math practice.,https://mathworksheetdownload.github.io/html/free-17-addition-math-worksheet-for-grade-3-part-145-9412.html,https://mathworksheetdownload.github.io/images/free-17-addition-math-worksheet-for-grade-3-part-145-9412.jpg,Elementary Math Activities,04/14/2026 08:30:00 PM
Fun Count and Color Objects Worksheet for Kindergarten,Free printable Count and Color worksheet for Kindergarten. Perfect for homeschool practice and classroom activities.,https://mathworksheetdownload.github.io/html/fun-count-and-color-objects-worksheet-for-kindergarten-9891.html,https://mathworksheetdownload.github.io/images/fun-count-and-color-objects-worksheet-for-kindergarten-9891.jpg,Printable Worksheets,04/15/2026 08:35:00 AM
Free Counting Objects Worksheet For Pre-K - Part 147 | Printable Practice,Free printable Counting Objects worksheet for Pre-K. Perfect for homeschool practice and classroom activities.,https://mathworksheetdownload.github.io/html/free-counting-objects-worksheet-for-pre-k-part-147-1004.html,https://mathworksheetdownload.github.io/images/free-counting-objects-worksheet-for-pre-k-part-147-1004.jpg,Elementary Math Activities,04/15/2026 11:08:00 AM
Grade 2 Division Practice Worksheet (16 Problems) - Part 148 | Printable Practice,Fun and engaging Division worksheet for Grade 2. Perfect printable math practice.,https://mathworksheetdownload.github.io/html/grade-2-division-practice-worksheet-16-problems-part-148-3807.html,https://mathworksheetdownload.github.io/images/grade-2-division-practice-worksheet-16-problems-part-148-3807.jpg,Kids Math Worksheets,04/15/2026 01:27:00 PM
Challenging Mathematics Problem Set Quiz Worksheet,Free printable Math worksheet for Math. Perfect for homeschool practice and classroom activities.,https://mathworksheetdownload.github.io/html/challenging-mathematics-problem-set-quiz-worksheet-3879.html,https://mathworksheetdownload.github.io/images/challenging-mathematics-problem-set-quiz-worksheet-3879.jpg,Elementary Math Activities,04/15/2026 04:24:00 PM
Missing Number Math Worksheet,Help kids master Missing Number with this printable worksheet for Grade 1. Great for daily math practice.,https://mathworksheetdownload.github.io/html/missing-number-math-worksheet-1967.html,https://mathworksheetdownload.github.io/images/missing-number-math-worksheet-1967.jpg,Math Practice Printables,04/15/2026 08:36:00 PM
Mixed Operations Math Worksheet,Printable Mixed Operations worksheet designed for Grade 3 students. Easy and fun math practice.,https://mathworksheetdownload.github.io/html/mixed-operations-math-worksheet-3278.html,https://mathworksheetdownload.github.io/images/mixed-operations-math-worksheet-3278.jpg,Kids Math Worksheets,04/16/2026 08:29:00 AM
Free 15 Multiplication Math Worksheet For Grade 2 - Part 152 | Printable Practice,Teachers and parents love this Multiplication worksheet for Grade 2. Download and print instantly.,https://mathworksheetdownload.github.io/html/free-15-multiplication-math-worksheet-for-grade-2-part-152-2319.html,https://mathworksheetdownload.github.io/images/free-15-multiplication-math-worksheet-for-grade-2-part-152-2319.jpg,Kids Math Worksheets,04/16/2026 11:00:00 AM
Printable Free 10 Subtraction Math Worksheet For Grade 2 - Part 153 | Printable Practice,Fun and engaging Subtraction worksheet for Grade 2. Perfect printable math practice.,https://mathworksheetdownload.github.io/html/printable-free-10-subtraction-math-worksheet-for-grade-2-part-153-3589.html,https://mathworksheetdownload.github.io/images/printable-free-10-subtraction-math-worksheet-for-grade-2-part-153-3589.jpg,Homeschool Math,04/16/2026 01:37:00 PM
8 Times Table Worksheet For Grade 3 - Part 154 | Printable Practice,Fun and engaging Times Table worksheet for Grade 3. Perfect printable math practice.,https://mathworksheetdownload.github.io/html/8-times-table-worksheet-for-grade-3-part-154-3251.html,https://mathworksheetdownload.github.io/images/8-times-table-worksheet-for-grade-3-part-154-3251.jpg,Kids Math Worksheets,04/16/2026 04:35:00 PM
Printable Tracing Worksheet For Kids - Part 155 | Free Printable,Teachers and parents love this Tracing worksheet for Kindergarten. Download and print instantly.,https://mathworksheetdownload.github.io/html/printable-tracing-worksheet-for-kids-part-155-7258.html,https://mathworksheetdownload.github.io/images/printable-tracing-worksheet-for-kids-part-155-7258.jpg,Homeschool Math,04/16/2026 08:22:00 PM
Math Word Problem Worksheet,Help kids master Word Problem with this printable worksheet for Grade 3. Great for daily math practice.,https://mathworksheetdownload.github.io/html/math-word-problem-worksheet-3237.html,https://mathworksheetdownload.github.io/images/math-word-problem-worksheet-3237.jpg,Math Practice Printables,04/17/2026 08:38:00 AM
Printable Free 23 Addition Math Worksheet For Grade 3 - Part 157 | Printable Practice,Teachers and parents love this Addition worksheet for Grade 3. Download and print instantly.,https://mathworksheetdownload.github.io/html/printable-free-23-addition-math-worksheet-for-grade-3-part-157-3453.html,https://mathworksheetdownload.github.io/images/printable-free-23-addition-math-worksheet-for-grade-3-part-157-3453.jpg,Homeschool Math,04/17/2026 11:00:00 AM
Printable Count and Color Worksheet for Preschool Kids,Free printable Count and Color worksheet for Preschool. Perfect for homeschool practice and classroom activities.,https://mathworksheetdownload.github.io/html/printable-count-and-color-worksheet-for-preschool-kids-3621.html,https://mathworksheetdownload.github.io/images/printable-count-and-color-worksheet-for-preschool-kids-3621.jpg,Printable Worksheets,04/17/2026 01:24:00 PM
Free Counting Objects Worksheet For Pre-K - Part 159 | Printable Practice,Printable Counting Objects worksheet designed for Pre-K students. Easy and fun math practice.,https://mathworksheetdownload.github.io/html/free-counting-objects-worksheet-for-pre-k-part-159-1274.html,https://mathworksheetdownload.github.io/images/free-counting-objects-worksheet-for-pre-k-part-159-1274.jpg,Printable Worksheets,04/17/2026 04:22:00 PM
Grade 1 Division Practice Worksheet (10 Problems) - Part 160 | Printable Practice,Teachers and parents love this Division worksheet for Grade 1. Download and print instantly.,https://mathworksheetdownload.github.io/html/grade-1-division-practice-worksheet-10-problems-part-160-1388.html,https://mathworksheetdownload.github.io/images/grade-1-division-practice-worksheet-10-problems-part-160-1388.jpg,Math Practice Printables,04/17/2026 08:29:00 PM
8 Math Challenge Practice Worksheet,Teachers and parents love this Math worksheet for Math. Download and print instantly.,https://mathworksheetdownload.github.io/html/8-math-challenge-practice-worksheet-9286.html,https://mathworksheetdownload.github.io/images/8-math-challenge-practice-worksheet-9286.jpg,Kids Math Worksheets,04/18/2026 08:29:00 AM
Missing Number Math Worksheet,Teachers and parents love this Missing Number worksheet for Grade 1. Download and print instantly.,https://mathworksheetdownload.github.io/html/missing-number-math-worksheet-1712.html,https://mathworksheetdownload.github.io/images/missing-number-math-worksheet-1712.jpg,Elementary Math Activities,04/18/2026 11:07:00 AM
Mixed Operations Math Worksheet,Teachers and parents love this Mixed Operations worksheet for Grade 3. Download and print instantly.,https://mathworksheetdownload.github.io/html/mixed-operations-math-worksheet-1181.html,https://mathworksheetdownload.github.io/images/mixed-operations-math-worksheet-1181.jpg,Homeschool Math,04/18/2026 01:29:00 PM
Grade 2 Multiplication Practice Worksheet (22 Problems) - Part 164 | Printable Practice,Fun and engaging Multiplication worksheet for Grade 2. Perfect printable math practice.,https://mathworksheetdownload.github.io/html/grade-2-multiplication-practice-worksheet-22-problems-part-164-1301.html,https://mathworksheetdownload.github.io/images/grade-2-multiplication-practice-worksheet-22-problems-part-164-1301.jpg,Math Practice Printables,04/18/2026 04:34:00 PM
Grade 3 Subtraction Practice Worksheet (15 Problems) - Part 165 | Printable Practice,Teachers and parents love this Subtraction worksheet for Grade 3. Download and print instantly.,https://mathworksheetdownload.github.io/html/grade-3-subtraction-practice-worksheet-15-problems-part-165-3541.html,https://mathworksheetdownload.github.io/images/grade-3-subtraction-practice-worksheet-15-problems-part-165-3541.jpg,Elementary Math Activities,04/18/2026 08:27:00 PM
Printable 11 Times Table Worksheet For Grade 4 - Part 166 | Printable Practice,Free printable Times Table worksheet for Grade 4. Perfect for homeschool practice and classroom activities.,https://mathworksheetdownload.github.io/html/printable-11-times-table-worksheet-for-grade-4-part-166-5502.html,https://mathworksheetdownload.github.io/images/printable-11-times-table-worksheet-for-grade-4-part-166-5502.jpg,Homeschool Math,04/19/2026 08:36:00 AM
Printable Tracing Worksheet For Kids - Part 167 | Free Printable,Help kids master Tracing with this printable worksheet for Preschool. Great for daily math practice.,https://mathworksheetdownload.github.io/html/printable-tracing-worksheet-for-kids-part-167-6227.html,https://mathworksheetdownload.github.io/images/printable-tracing-worksheet-for-kids-part-167-6227.jpg,Math Practice Printables,04/19/2026 11:04:00 AM
Math Word Problem Worksheet,Fun and engaging Word Problem worksheet for Grade 3. Perfect printable math practice.,https://mathworksheetdownload.github.io/html/math-word-problem-worksheet-3732.html,https://mathworksheetdownload.github.io/images/math-word-problem-worksheet-3732.jpg,Printable Worksheets,04/19/2026 01:26:00 PM
Free 11 Addition Math Worksheet For Grade 1 With Answers - Part 169 | Printable Practice,Free printable Addition worksheet for Grade 1. Perfect for homeschool practice and classroom activities.,https://mathworksheetdownload.github.io/html/free-11-addition-math-worksheet-for-grade-1-with-answers-part-169-4073.html,https://mathworksheetdownload.github.io/images/free-11-addition-math-worksheet-for-grade-1-with-answers-part-169-4073.jpg,Kids Math Worksheets,04/19/2026 04:38:00 PM
Grade 1 Count and Color Shapes Worksheet,Fun and engaging Count and Color worksheet for Grade 1. Perfect printable math practice.,https://mathworksheetdownload.github.io/html/grade-1-count-and-color-shapes-worksheet-3125.html,https://mathworksheetdownload.github.io/images/grade-1-count-and-color-shapes-worksheet-3125.jpg,Elementary Math Activities,04/19/2026 08:25:00 PM
Learn Counting With Pictures Worksheet (Kindergarten) - Part 171 | Printable Practice,Teachers and parents love this Counting Objects worksheet for Kindergarten. Download and print instantly.,https://mathworksheetdownload.github.io/html/learn-counting-with-pictures-worksheet-kindergarten-part-171-3141.html,https://mathworksheetdownload.github.io/images/learn-counting-with-pictures-worksheet-kindergarten-part-171-3141.jpg,Printable Worksheets,04/20/2026 08:23:00 AM
Free 30 Division Math Worksheet For Grade 2 With Answers - Part 172 | Printable Practice,Teachers and parents love this Division worksheet for Grade 2. Download and print instantly.,https://mathworksheetdownload.github.io/html/free-30-division-math-worksheet-for-grade-2-with-answers-part-172-9484.html,https://mathworksheetdownload.github.io/images/free-30-division-math-worksheet-for-grade-2-with-answers-part-172-9484.jpg,Math Practice Printables,04/20/2026 11:04:00 AM
4 Math Skill Test,Free printable Math worksheet for Math. Perfect for homeschool practice and classroom activities.,https://mathworksheetdownload.github.io/html/4-math-skill-test-4493.html,https://mathworksheetdownload.github.io/images/4-math-skill-test-4493.jpg,Kids Math Worksheets,04/20/2026 01:38:00 PM
Missing Number Math Worksheet,Free printable Missing Number worksheet for Grade 1. Perfect for homeschool practice and classroom activities.,https://mathworksheetdownload.github.io/html/missing-number-math-worksheet-2196.html,https://mathworksheetdownload.github.io/images/missing-number-math-worksheet-2196.jpg,Elementary Math Activities,04/20/2026 04:29:00 PM
Mixed Operations Math Worksheet,Teachers and parents love this Mixed Operations worksheet for Grade 3. Download and print instantly.,https://mathworksheetdownload.github.io/html/mixed-operations-math-worksheet-2514.html,https://mathworksheetdownload.github.io/images/mixed-operations-math-worksheet-2514.jpg,Kids Math Worksheets,04/20/2026 08:23:00 PM
Free 21 Multiplication Math Worksheet For Grade 1 With Answers - Part 176 | Printable Practice,Printable Multiplication worksheet designed for Grade 1 students. Easy and fun math practice.,https://mathworksheetdownload.github.io/html/free-21-multiplication-math-worksheet-for-grade-1-with-answers-part-176-2492.html,https://mathworksheetdownload.github.io/images/free-21-multiplication-math-worksheet-for-grade-1-with-answers-part-176-2492.jpg,Kids Math Worksheets,04/21/2026 08:35:00 AM
Grade 2 Subtraction Practice Worksheet (26 Problems) - Part 177 | Printable Practice,Free printable Subtraction worksheet for Grade 2. Perfect for homeschool practice and classroom activities.,https://mathworksheetdownload.github.io/html/grade-2-subtraction-practice-worksheet-26-problems-part-177-1573.html,https://mathworksheetdownload.github.io/images/grade-2-subtraction-practice-worksheet-26-problems-part-177-1573.jpg,Printable Worksheets,04/21/2026 11:08:00 AM
11 Times Table Worksheet For Grade 4 With Answers - Part 178 | Printable Practice,Help kids master Times Table with this printable worksheet for Grade 4. Great for daily math practice.,https://mathworksheetdownload.github.io/html/11-times-table-worksheet-for-grade-4-with-answers-part-178-3115.html,https://mathworksheetdownload.github.io/images/11-times-table-worksheet-for-grade-4-with-answers-part-178-3115.jpg,Homeschool Math,04/21/2026 01:30:00 PM
Printable Tracing Worksheet For Kids - Part 179 | Free Printable,Free printable Tracing worksheet for Preschool. Perfect for homeschool practice and classroom activities.,https://mathworksheetdownload.github.io/html/printable-tracing-worksheet-for-kids-part-179-2795.html,https://mathworksheetdownload.github.io/images/printable-tracing-worksheet-for-kids-part-179-2795.jpg,Kids Math Worksheets,04/21/2026 04:37:00 PM
Math Word Problem Worksheet,Teachers and parents love this Word Problem worksheet for Grade 3. Download and print instantly.,https://mathworksheetdownload.github.io/html/math-word-problem-worksheet-9458.html,https://mathworksheetdownload.github.io/images/math-word-problem-worksheet-9458.jpg,Kids Math Worksheets,04/21/2026 08:38:00 PM
Free 14 Addition Math Worksheet For Grade 1 - Part 181 | Printable Practice,Fun and engaging Addition worksheet for Grade 1. Perfect printable math practice.,https://mathworksheetdownload.github.io/html/free-14-addition-math-worksheet-for-grade-1-part-181-8011.html,https://mathworksheetdownload.github.io/images/free-14-addition-math-worksheet-for-grade-1-part-181-8011.jpg,Elementary Math Activities,04/22/2026 08:26:00 AM
Printable Count and Color Worksheet for Kindergarten Kids,Printable Count and Color worksheet designed for Kindergarten students. Easy and fun math practice.,https://mathworksheetdownload.github.io/html/printable-count-and-color-worksheet-for-kindergarten-kids-1102.html,https://mathworksheetdownload.github.io/images/printable-count-and-color-worksheet-for-kindergarten-kids-1102.jpg,Elementary Math Activities,04/22/2026 11:01:00 AM
Free Counting Objects Worksheet For Kindergarten - Part 183 | Printable Practice,Help kids master Counting Objects with this printable worksheet for Kindergarten. Great for daily math practice.,https://mathworksheetdownload.github.io/html/free-counting-objects-worksheet-for-kindergarten-part-183-8150.html,https://mathworksheetdownload.github.io/images/free-counting-objects-worksheet-for-kindergarten-part-183-8150.jpg,Kids Math Worksheets,04/22/2026 01:22:00 PM
Free 22 Division Math Worksheet For Grade 2 - Part 184 | Printable Practice,Fun and engaging Division worksheet for Grade 2. Perfect printable math practice.,https://mathworksheetdownload.github.io/html/free-22-division-math-worksheet-for-grade-2-part-184-6993.html,https://mathworksheetdownload.github.io/images/free-22-division-math-worksheet-for-grade-2-part-184-6993.jpg,Elementary Math Activities,04/22/2026 04:22:00 PM
7 Math Questions Printable Worksheet,Printable Math worksheet designed for Math students. Easy and fun math practice.,https://mathworksheetdownload.github.io/html/7-math-questions-printable-worksheet-9375.html,https://mathworksheetdownload.github.io/images/7-math-questions-printable-worksheet-9375.jpg,Printable Worksheets,04/22/2026 08:30:00 PM
Missing Number Math Worksheet,Printable Missing Number worksheet designed for Grade 1 students. Easy and fun math practice.,https://mathworksheetdownload.github.io/html/missing-number-math-worksheet-6035.html,https://mathworksheetdownload.github.io/images/missing-number-math-worksheet-6035.jpg,Math Practice Printables,04/23/2026 08:35:00 AM
Mixed Operations Math Worksheet,Printable Mixed Operations worksheet designed for Grade 3 students. Easy and fun math practice.,https://mathworksheetdownload.github.io/html/mixed-operations-math-worksheet-1829.html,https://mathworksheetdownload.github.io/images/mixed-operations-math-worksheet-1829.jpg,Kids Math Worksheets,04/23/2026 11:04:00 AM
Printable Free 22 Multiplication Math Worksheet For Grade 2 - Part 188 | Printable Practice,Teachers and parents love this Multiplication worksheet for Grade 2. Download and print instantly.,https://mathworksheetdownload.github.io/html/printable-free-22-multiplication-math-worksheet-for-grade-2-part-188-1885.html,https://mathworksheetdownload.github.io/images/printable-free-22-multiplication-math-worksheet-for-grade-2-part-188-1885.jpg,Math Practice Printables,04/23/2026 01:38:00 PM
Grade 2 Subtraction Practice Worksheet (18 Problems) - Part 189 | Printable Practice,Fun and engaging Subtraction worksheet for Grade 2. Perfect printable math practice.,https://mathworksheetdownload.github.io/html/grade-2-subtraction-practice-worksheet-18-problems-part-189-4005.html,https://mathworksheetdownload.github.io/images/grade-2-subtraction-practice-worksheet-18-problems-part-189-4005.jpg,Kids Math Worksheets,04/23/2026 04:34:00 PM
Printable 8 Times Table Worksheet For Grade 3 - Part 190 | Printable Practice,Printable Times Table worksheet designed for Grade 3 students. Easy and fun math practice.,https://mathworksheetdownload.github.io/html/printable-8-times-table-worksheet-for-grade-3-part-190-8252.html,https://mathworksheetdownload.github.io/images/printable-8-times-table-worksheet-for-grade-3-part-190-8252.jpg,Homeschool Math,04/23/2026 08:36:00 PM
Printable Tracing Worksheet For Kids - Part 191 | Free Printable,Printable Tracing worksheet designed for Preschool students. Easy and fun math practice.,https://mathworksheetdownload.github.io/html/printable-tracing-worksheet-for-kids-part-191-7097.html,https://mathworksheetdownload.github.io/images/printable-tracing-worksheet-for-kids-part-191-7097.jpg,Elementary Math Activities,04/24/2026 08:32:00 AM
Math Word Problem Worksheet,Printable Word Problem worksheet designed for Grade 3 students. Easy and fun math practice.,https://mathworksheetdownload.github.io/html/math-word-problem-worksheet-7434.html,https://mathworksheetdownload.github.io/images/math-word-problem-worksheet-7434.jpg,Kids Math Worksheets,04/24/2026 11:08:00 AM
Free 18 Addition Math Worksheet For Grade 1 - Part 193 | Printable Practice,Help kids master Addition with this printable worksheet for Grade 1. Great for daily math practice.,https://mathworksheetdownload.github.io/html/free-18-addition-math-worksheet-for-grade-1-part-193-9776.html,https://mathworksheetdownload.github.io/images/free-18-addition-math-worksheet-for-grade-1-part-193-9776.jpg,Math Practice Printables,04/24/2026 01:29:00 PM
5 Free Count and Color Worksheets for Preschool,Fun and engaging Count and Color worksheet for Preschool. Perfect printable math practice.,https://mathworksheetdownload.github.io/html/5-free-count-and-color-worksheets-for-preschool-8034.html,https://mathworksheetdownload.github.io/images/5-free-count-and-color-worksheets-for-preschool-8034.jpg,Kids Math Worksheets,04/24/2026 04:35:00 PM
Free Counting Objects Worksheet For Kindergarten Printable - Part 195 | Printable Practice,Help kids master Counting Objects with this printable worksheet for Kindergarten. Great for daily math practice.,https://mathworksheetdownload.github.io/html/free-counting-objects-worksheet-for-kindergarten-printable-part-195-5066.html,https://mathworksheetdownload.github.io/images/free-counting-objects-worksheet-for-kindergarten-printable-part-195-5066.jpg,Elementary Math Activities,04/24/2026 08:34:00 PM
Free 17 Division Math Worksheet For Grade 2 - Part 196 | Printable Practice,Free printable Division worksheet for Grade 2. Perfect for homeschool practice and classroom activities.,https://mathworksheetdownload.github.io/html/free-17-division-math-worksheet-for-grade-2-part-196-4566.html,https://mathworksheetdownload.github.io/images/free-17-division-math-worksheet-for-grade-2-part-196-4566.jpg,Kids Math Worksheets,04/25/2026 08:32:00 AM
4 Math Quiz Quiz Worksheet for Students,Printable Math worksheet designed for Math students. Easy and fun math practice.,https://mathworksheetdownload.github.io/html/4-math-quiz-quiz-worksheet-for-students-6210.html,https://mathworksheetdownload.github.io/images/4-math-quiz-quiz-worksheet-for-students-6210.jpg,Math Practice Printables,04/25/2026 11:00:00 AM
Missing Number Math Worksheet,Fun and engaging Missing Number worksheet for Grade 1. Perfect printable math practice.,https://mathworksheetdownload.github.io/html/missing-number-math-worksheet-2652.html,https://mathworksheetdownload.github.io/images/missing-number-math-worksheet-2652.jpg,Homeschool Math,04/25/2026 01:29:00 PM
Mixed Operations Math Worksheet,Printable Mixed Operations worksheet designed for Grade 3 students. Easy and fun math practice.,https://mathworksheetdownload.github.io/html/mixed-operations-math-worksheet-1214.html,https://mathworksheetdownload.github.io/images/mixed-operations-math-worksheet-1214.jpg,Elementary Math Activities,04/25/2026 04:27:00 PM
Printable Free 12 Multiplication Math Worksheet For Grade 1 - Part 200 | Printable Practice,Printable Multiplication worksheet designed for Grade 1 students. Easy and fun math practice.,https://mathworksheetdownload.github.io/html/printable-free-12-multiplication-math-worksheet-for-grade-1-part-200-6947.html,https://mathworksheetdownload.github.io/images/printable-free-12-multiplication-math-worksheet-for-grade-1-part-200-6947.jpg,Homeschool Math,04/25/2026 08:23:00 PM
